Cédula;Nombre;Apellido;FechaNacimiento
1746374282;Marilyn;Meyer;19/08/1993
5261857374;Nicole;Jackson;21/12/1991
5494575684;Michael;Montgomery;11/06/2009
5245334157;Daniel;Robinson;5/12/1949
6137418021;Brandon;Jackson;31/05/1961
5035847129;Chelsea;Costa;18/08/2004
6604753290;Edward;Collier;11/01/1992
2485043019;Ronald;Price;26/12/2007
6558473;William;Rodriguez;5/03/1975
4062663640;Richard;Sanchez;11/09/1970
381794653;Ebony;Gomez;22/02/1956
8100109632;Kristina;Smith;15/04/2010
8613069764;Tanya;Waters;12/11/1946
5443481108;Cynthia;Daugherty;1/06/1960
5382662935;Monica;Neal;27/09/1963
8007762481;David;Clark;1/09/1991
8946643745;Haley;Willis;26/09/1987
2209633520;Brian;Giles;21/11/2006
2737283609;Kaylee;Davila;21/08/2011
7677492878;Kristen;Hill;19/02/1957
7759706908;Wendy;Watson;9/10/1984
7691194374;James;Rodriguez;16/01/1998
3009200948;Victoria;Cantrell;24/05/2006
3856048764;Priscilla;Schwartz;13/01/1970
2613907405;Justin;Branch;10/03/1955
9722308051;Yvonne;Dalton;31/12/2015
1165824544;Debra;Larson;17/01/2003
1507759436;Michael;Anderson;15/02/2006
4230831189;Robert;Young;9/08/1957
1814272104;Steven;Graves;15/01/2006
6334338867;Jake;Stevenson;27/07/1983
6048587798;Laura;Brown;19/06/1991
4797838688;Brenda;Yang;18/08/1956
585229965;April;Jones;7/04/1999
7364715182;Natalie;Mathis;19/07/1991
5040530062;Ellen;Fry;20/07/1943
2434981918;Jonathan;Johnson;12/07/1992
7456874578;Susan;Benson;18/09/1979
9543702570;Michael;Ford;3/05/1962
3828349064;Sarah;Mcmahon;30/10/1998
539559908;Kathryn;Hart;18/05/1971
1489394239;Daniel;Figueroa;27/11/2000
3629116456;Rebecca;Byrd;31/05/1954
2279060524;Larry;Roberson;13/04/1979
3574151819;Randall;Hamilton;26/03/2000
714085165;Stephanie;Smith;28/01/1989
2897315337;Joshua;Carrillo;18/01/1993
7735191159;Robert;Moran;29/11/1966
5884746351;Sarah;West;8/09/1963
7737903468;Travis;Baxter;29/07/1986
6872557702;Colleen;Smith;8/09/1979
530571866;Chad;Rose;31/03/1964
5140356203;Ashlee;Park;11/04/1978
8778345899;George;Hull;23/12/2014
5983011985;John;Johnson;28/04/1999
9651037056;Ashley;Ford;24/04/1996
5362657704;Tracy;Bishop;19/11/1945
4573090745;Riley;Dalton;8/10/2000
7829009650;William;Jones;27/06/1960
8707054913;Christopher;Patton;3/06/2003
6080569551;Mary;Garcia;26/12/1968
5918957931;Jason;Macdonald;11/11/1957
3482260195;Shaun;Powell;25/06/1943
8506805175;Shawna;Bond;4/06/1966
4540920520;Megan;Ramos;12/01/1986
2826921779;Peter;Hernandez;19/03/1963
3322533155;Henry;Smith;16/11/2016
4274136003;David;Roberts;4/01/2012
6000997291;Allen;Stevens;6/03/1985
6787098750;James;Stewart;25/04/1987
9465953546;Rebecca;Tucker;22/01/1946
6889719991;Maurice;Smith;4/07/1982
3563178215;Cameron;Cole;31/07/1997
6101570165;Joshua;Wilson;2/07/1968
5331793108;Jeffery;Lewis;12/07/1981
3790144105;Elizabeth;Clark;13/07/1979
8340045697;Nathaniel;Adams;15/10/1953
5695776935;Jacqueline;Freeman;26/12/1956
8007612439;Maria;Thomas;9/07/1976
3493034838;Paul;Hudson;11/01/1970
3639310007;Christopher;Morgan;8/01/1968
6006908455;Jennifer;Mccarthy;21/01/1977
2988332162;Taylor;Miller;26/06/1974
3297545356;Jamie;Cordova;25/10/1968
5330601961;James;Snyder;19/05/1950
149715772;Evan;Camacho;22/01/1951
1074729669;Angela;Watson;25/03/1968
852761487;Kendra;Carter;28/12/1964
9289071251;Matthew;Barrett;17/08/2005
3052628770;Stephen;Bernard;11/03/1952
7416367075;Crystal;White;19/03/1984
175495212;Julie;Johnson;2/07/1960
8636909684;Jennifer;Gregory;15/05/1954
9739284675;Briana;Hanson;13/06/1980
805524117;Carlos;Hicks;11/04/1968
3216198598;Tamara;Bennett;18/03/1943
9065318514;Heather;Todd;30/11/1947
7741435757;Franklin;Dean;12/10/2013
3545766270;Travis;Sanchez;27/01/2015
9136288296;Calvin;Rodgers;13/06/1999
6858851729;Sarah;Park;5/02/1993
3384606852;Monica;Gray;19/08/1992
5859055902;Alyssa;Munoz;12/11/1954
2927468412;Norma;Nichols;19/11/1961
1860737161;Cynthia;Harris;18/08/1973
2415327895;Anthony;Robinson;10/12/2010
102213179;Michael;Rivera;29/08/2006
4608580284;Jennifer;Stewart;4/03/1981
9861192100;Ryan;Sanchez;21/04/2007
7751836592;Christina;Dyer;3/06/1947
4804213714;Cameron;Small;5/05/2015
1503580641;Karen;Barnes;2/03/1982
6597084684;Robert;Gordon;3/02/1998
2784345514;Kristy;Parrish;15/08/2010
5109623485;Lisa;Santos;5/06/1955
7618442371;Zachary;Salas;24/09/1946
2759779498;Michele;Russell;27/02/1951
5049818151;Cassandra;Willis;5/08/1963
2735212613;Jennifer;Perry;8/11/1944
9531247094;Johnathan;Howell;15/11/1955
2661891336;Teresa;Buchanan;12/01/1978
4263299172;Matthew;Bush;31/08/1961
349743302;Elizabeth;Myers;10/10/1956
2914524639;Keith;Moore;28/06/2001
7361387705;Anthony;Ramos;14/09/1996
4286185772;Michelle;Graham;1/01/2016
7179175815;Jesus;Davis;1/12/1955
4364616076;Christopher;Kelly;8/02/2004
2300079767;Andrew;Hansen;10/11/1984
4809167744;Joseph;Kane;4/03/1972
1498677434;Jacqueline;Coleman;20/03/1983
2022841744;Kathleen;Shannon;23/07/1992
2194863405;Lisa;Murray;29/04/1993
8616747986;Jennifer;Miller;24/01/1986
9084614863;David;Lawson;2/10/2014
3731209837;William;Jones;8/07/1995
6674350944;Danielle;Khan;26/11/2005
6033039264;Jade;Palmer;25/09/1984
6754940513;Grace;Williams;18/08/1995
4138793795;Ryan;Wilson;9/11/1991
1602791380;Brandon;Allison;1/01/1961
7687142720;John;York;9/10/1960
4565124490;Richard;Davis;20/04/1965
5171443805;Debra;Avila;18/07/2016
9684417021;Douglas;Mooney;24/09/1946
2360567632;Melanie;Huber;31/08/1991
6985670734;Steven;Gomez;9/05/1982
8063659575;Samantha;Underwood;8/03/1978
4032165848;Nathan;Goodman;12/07/1966
9351224394;Cindy;Alvarez;3/11/1973
7847368043;Jeremy;Hoover;29/03/2015
7323949299;Barbara;Scott;14/11/1965
1493879093;Tanya;Copeland;10/04/1957
6354338151;Bryce;Mitchell;2/11/2009
8505638642;Janet;Davis;28/09/1959
8727197032;Eric;Allen;1/09/2012
5216569211;Miguel;Jackson;11/12/2009
2970215668;Jeffery;Gutierrez;13/06/2004
4700549166;Duane;Small;9/09/1973
2640364106;Tiffany;Horton;30/12/1963
1993978248;Susan;Ruiz;3/01/1976
3110080948;Dean;Taylor;30/01/2003
2423466272;Steven;Nolan;25/03/1975
7466908714;Joan;Mejia;23/08/1960
3457613495;Alicia;Fischer;20/04/1963
5984107299;Elizabeth;Marshall;6/08/2005
5976032369;Melissa;Murray;27/11/1946
5957644922;Tiffany;Kirk;29/05/1980
6391793171;Rachel;Jimenez;23/06/1983
3055900774;Caitlyn;Page;28/12/1999
377771322;John;Owens;17/03/1942
5073722439;Shelby;Johnson;4/02/1992
8087173700;Matthew;Barron;14/06/2016
3549715945;Angela;Phillips;22/01/1961
2613444671;Dan;Hobbs;31/08/1949
5413327567;Luke;Rowe;28/10/1969
2097274908;Jacob;Becker;17/04/1948
7688679132;Aaron;Rivera;11/09/1997
6092362269;William;Hughes;9/10/2000
5344553827;Ronnie;Short;1/04/1954
5969755477;Joseph;Delacruz;21/04/1951
332940498;Ryan;Simmons;10/03/2001
6392761578;Tiffany;Thompson;12/07/2005
3699134329;Amber;Ellis;15/01/1957
576549356;Melissa;Shannon;19/01/2005
6655471182;Joseph;Johnson;18/05/1958
755865944;Maria;Ferguson;9/03/1973
4142770795;Joseph;Davidson;17/12/1976
8528613292;Diamond;King;19/12/1982
4314058126;Philip;Copeland;1/06/2003
7204079222;Lori;Miller;13/03/1965
7371741862;Leslie;White;30/10/1975
2967264731;Jonathan;Gomez;12/02/1965
7532727961;Deborah;Pope;11/09/1944
9218103311;Todd;Dickerson;29/09/1974
7707808671;Alexander;Hernandez;7/11/2011
619629699;Melissa;Bailey;1/07/1971
5611856973;Kenneth;Lee;7/07/1958
1809350499;Michael;Jackson;18/03/1970
18421177;Craig;Webb;22/10/1988
9888408105;Ronald;May;29/01/1966
3164437837;Richard;Reeves;24/02/1975
1913219920;Janice;Oneill;2/11/1975
8377141232;Joseph;Mueller;10/08/1948
6153522992;Taylor;Gonzalez;10/12/1975
7057995645;Jessica;Shea;18/01/2011
2834134558;Scott;Owen;31/01/2017
1798461787;Allison;Martin;1/01/2000
4525283245;Ashley;Benton;29/11/1980
6974420104;Patrick;Freeman;20/07/1947
9773370012;David;Baker;19/10/1981
8789571589;Sarah;Kelly;28/11/2009
6510764572;Jill;Davis;6/12/1961
5973567328;Carlos;Spencer;7/12/1998
3584318694;Danielle;Todd;26/04/1990
9081209703;Nicole;Reyes;25/02/1980
5412488795;Jennifer;Gibbs;16/11/1979
9950518702;Kenneth;Jones;15/09/1976
7900152380;Christy;Stone;17/08/1967
2255422851;Julie;Hernandez;28/06/1964
2842630808;Joshua;Kelly;19/03/1991
7153556148;Timothy;Mann;7/07/1949
3872940061;Andrew;Flowers;7/06/1984
2574641030;Joseph;Vazquez;31/03/1989
2577972542;Ann;Robbins;26/06/1963
9514435161;Lindsay;Mejia;10/10/1991
313581745;Miranda;Cummings;6/08/1989
9846854456;Kevin;Bennett;1/06/1943
1676885571;Nicholas;Davis;1/12/1999
5021803312;Edward;Stewart;30/03/1978
7131498343;Nathan;Grant;14/06/1945
9857583914;Nicole;Lambert;11/10/1995
6911191644;Gail;Mora;22/03/1983
7203879504;Annette;Massey;23/04/2010
8584739451;Thomas;Lindsey;3/04/2000
3646238715;Karen;Reynolds;25/10/1977
3413894064;James;Williams;30/04/2001
2271009924;Kim;Maynard;24/12/2011
7947093514;Heather;Perry;6/06/1984
677501072;Phillip;Gillespie;10/09/1943
9201530880;Bill;Fox;3/06/2011
8190366626;Rebecca;Bates;1/09/1966
4573054367;Andrea;Callahan;7/12/1984
7767963736;Ruben;Rodriguez;27/09/1985
1252649533;Christian;Collins;8/02/2008
4834889629;David;Hatfield;6/12/1963
8552202264;Jennifer;King;9/09/1978
930543033;Joshua;Manning;14/01/1954
168672391;Linda;Welch;7/11/1955
7167062004;Rebecca;Weaver;22/11/1954
8223974524;Phillip;Pope;19/02/1968
6032236748;Scott;Brown;7/10/1961
9364515559;Brandon;Hall;10/11/1942
4856341979;Kyle;Long;6/01/1960
3615082338;Maxwell;Hodges;16/01/1965
4396678167;Tiffany;Pugh;26/11/1983
7376806479;William;Beck;1/06/1975
9010321248;Courtney;Beard;14/05/1950
7741734170;Gregory;Hughes;17/07/2006
3847201181;Anita;Williams;1/07/1948
8097140377;Melody;Hunt;16/01/1956
5021071809;Dennis;Carlson;19/08/2004
7118896755;Dan;Fritz;22/11/1943
6691278889;Gregory;West;26/08/1980
7424552900;Charles;Holmes;1/03/1974
9829690263;Tina;Brown;24/03/1989
2189300585;Clinton;Espinoza;26/09/1971
8357327540;Alexandria;Williams;7/02/1997
1614337703;Wendy;Cox;19/09/2005
4433001499;Casey;Henson;27/10/2015
8817459447;Anna;Porter;21/03/1963
4305379885;Dawn;Monroe;30/01/1996
9877452295;Jennifer;Pierce;4/02/1955
2986556594;Jennifer;Green;24/06/2003
6813614781;Alexander;Johnson;20/02/1992
4210748268;Julie;Meyer;19/07/1970
6413385333;Katrina;Ramirez;8/11/1984
5198596558;Richard;Cruz;29/03/1980
5147428973;Erica;Rodriguez;5/05/2018
7207101430;Jonathan;Carrillo;5/01/1981
6820113761;Melissa;Santos;25/12/1976
9909961920;Robin;Miller;3/10/2018
5250544737;Tiffany;Brown;13/01/1961
1808074518;Laura;Fox;30/07/1948
8855061914;William;Knight;3/03/1996
857162675;Mary;Bailey;27/05/1944
7621527068;Brittney;Noble;11/11/1955
9769624222;Brandon;Burke;29/05/1963
2855528931;William;Greene;10/11/1956
8523425720;Jacob;Solis;26/06/1981
2588881513;Pamela;Mcneil;14/05/1974
7245090513;Thomas;Rubio;30/10/1998
1402728230;Brandon;Graves;9/06/1988
8619375140;Charles;Smith;18/04/1979
1013652474;Molly;Lambert;28/03/1988
6183285551;Pamela;Olson;23/07/1956
9300919101;Bryan;Powers;29/05/1942
290884388;Daniel;Ramos;1/12/1973
9124533006;Anthony;Poole;23/08/2006
8799157492;Jamie;Williamson;1/12/1954
9257466618;Eric;Simpson;9/06/2007
445082139;Regina;Wheeler;26/01/2011
3661296076;Elizabeth;Gomez;30/07/1987
8007271550;Felicia;Ramos;8/03/1968
8193859093;Deanna;Wilson;17/03/1974
3142854653;Julie;Wang;21/09/1967
9181117973;Sandra;Watkins;27/06/1999
701080749;Kathleen;Galvan;14/08/1980
6879109296;Chad;Shields;23/08/1975
9690013216;Matthew;Cross;10/05/1978
6783166819;Nancy;Collins;4/01/1955
500565452;Carrie;Wood;3/04/1996
724822238;James;Taylor;10/08/1945
410112900;Rhonda;Mcbride;24/04/1981
5652017838;Darren;Patterson;26/03/1990
4588654981;Leah;Daniels;15/10/1973
3257792943;Brandon;Lindsey;4/11/1946
1250669566;Melissa;Brown;2/02/1950
7828474700;Barbara;Morrison;12/07/1985
6266871833;Sarah;Olson;16/06/1984
549544515;John;Meyer;18/07/2015
1546744451;Michael;Hardy;6/01/2005
4414586066;Melissa;Hunt;13/08/2014
4456661971;Karen;Wilson;6/06/2014
4437682214;Nathaniel;Dunn;2/02/2001
6355181536;David;Johnson;11/08/1970
3952104987;Michael;Jackson;16/08/1990
7902662801;Julie;Garcia;30/09/2014
2693641703;Eric;Ramirez;3/11/2009
8186749569;Timothy;Solis;17/11/1965
1545235119;Gerald;Huynh;26/06/2015
4496489610;Beverly;Stewart;16/01/1993
1224699324;Melissa;Becker;17/11/1996
5492652498;Reginald;Sanders;11/06/1954
5145258219;Jamie;Hunter;7/02/1989
6747897929;Erin;Bailey;24/01/1987
6435324043;Edward;Anthony;1/11/1990
2852213389;Eric;Mata;12/04/1972
8571298342;Christopher;Buck;5/04/1960
2393161985;Stephen;Carter;17/11/2007
4587077275;Kelly;Willis;22/07/1993
4984976396;Nicole;Solis;13/08/2002
3252992909;Robin;Nguyen;29/02/1944
4106917221;Susan;Winters;25/12/1945
4113631527;Michael;Delgado;18/12/1975
4118667841;Cynthia;Rivers;8/02/1952
8887282316;Bethany;Johnson;10/07/1971
7386615920;Bridget;Thompson;15/03/1985
9077319614;Lindsay;Ayala;3/06/2010
8658501938;Mary;Alexander;8/04/1962
6868452171;Yvonne;Wong;12/10/1999
9244400958;Chloe;Gamble;24/07/1997
3480180704;Erica;Smith;23/05/1987
4496224846;Sara;Sanders;8/08/1994
2519371722;Matthew;Robinson;17/02/1951
4282877064;Christina;Lamb;17/06/1997
1631765873;Sarah;Smith;10/07/1991
6928553694;Gina;Owens;20/05/2003
7334905784;Mary;Andersen;25/07/1990
2193818783;Anthony;Garrett;13/10/1958
6955923241;Christopher;Shaw;28/12/1976
4458801191;Lisa;Ramos;6/06/1971
9655201148;Jared;Snyder;19/03/2011
3254950072;Bradley;Hunter;4/12/2011
3791979620;Melissa;Garcia;8/04/1984
1231782649;Veronica;Cooper;30/05/1958
2503338238;Michael;Jones;25/03/2002
1897426396;Nathan;Cross;19/11/1964
6494537505;Mary;Black;28/11/1984
1335380310;Ruben;Elliott;17/07/1989
7969532220;Robert;Jackson;1/02/1998
8409454264;Stephanie;Bennett;8/02/1963
8659727556;Adam;Garcia;11/03/2012
9855320659;Cathy;Hernandez;10/03/1974
2978824295;Timothy;Cook;1/05/1978
4677188744;Philip;Dixon;22/02/1942
9882128356;Maurice;Patel;23/10/1991
3377748709;John;Lane;27/10/1959
7481854928;Gabriel;Armstrong;7/10/1962
7315320458;Luis;Perry;15/03/2017
3744976140;Garrett;Hughes;25/07/1980
9709053616;Jeffrey;Glenn;19/03/2015
9433527058;Shelley;Morales;8/05/1995
9797749761;Jeffery;Jackson;14/07/1961
8390687509;Misty;Kim;20/04/1986
861712668;Anthony;Lawson;22/01/1981
2588157165;John;Elliott;5/10/1968
2836825602;Tara;Khan;27/09/1945
3351883557;Holly;Sheppard;4/05/1973
8860747554;Marcus;Alvarado;18/12/1990
2892664565;Jonathon;Hester;10/01/1992
5058811725;Dawn;Frazier;5/06/2015
714493619;Don;Hansen;11/07/1990
2606674846;Martin;Thomas;17/04/1990
1036310124;Michael;Chase;17/07/1951
5646581825;Gary;Thomas;1/08/1992
7533993748;Amy;Thomas;21/09/1970
8296331765;Tricia;Cox;19/11/2009
9831811256;Miranda;Carter;9/05/2010
4332665524;Mikayla;Cross;1/09/1950
3181435775;Cassandra;Munoz;24/08/1958
1515377719;Caleb;Taylor;23/06/1949
6471647103;Gerald;Mays;10/12/1975
3474239161;Tammy;Mcdonald;14/06/2006
5082162620;Anthony;Roberts;3/06/1990
8570170588;Melissa;Carson;4/12/1954
7541921543;Katie;Sanchez;1/06/2006
2232008557;Danielle;Anderson;7/01/2012
6646401147;Matthew;Morales;22/06/1949
1035329870;Marie;Jones;22/06/1978
36916424;Shannon;Gonzales;18/01/1993
9299499058;Mackenzie;Hale;7/08/1948
9611631629;William;Wilson;9/03/1999
3548775182;Mitchell;Johnson;31/07/2012
7877895482;Maria;Jackson;19/07/1955
2189002807;Matthew;Warner;15/05/1982
8152380614;Jamie;Collins;4/06/2005
231176515;Amber;Wallace;16/09/1956
5101201389;Colin;Clark;31/07/2005
7290283703;Kevin;Sanchez;23/11/1960
73077019;Joshua;Robinson;27/11/1973
5524183662;Erin;Hoffman;11/01/1997
6854727528;Valerie;Calderon;31/01/1944
9158216526;Amy;Edwards;4/01/1955
7513880873;Michael;Thompson;21/10/1980
6162291394;Julie;Smith;27/11/1994
1683717840;Robert;Hess;19/05/1997
1887942030;Jessica;Hart;16/10/2008
9051529219;Tiffany;Williams;12/02/2010
2358240435;James;Bond;5/05/1962
4200164790;Phillip;Norman;23/09/1994
3889495663;Kathleen;Perry;9/06/1999
4775588371;Donald;Brown;2/05/1957
2989973606;Ricardo;Cox;24/08/1961
4168596728;William;Lopez;29/05/2011
830807412;Ryan;Bowen;30/11/1991
3974554335;Vanessa;Moore;23/01/2007
8866399882;Daniel;Potts;15/01/1989
516490302;Nicholas;Hill;24/01/2010
6084594647;Joshua;Mckay;10/02/1966
5253662827;David;Rivera;18/01/2006
4314722613;Audrey;Smith;5/09/1963
2072978920;Courtney;Roman;15/08/1994
9520313881;Edwin;Douglas;13/08/1948
4617167657;Aaron;Gomez;14/06/1955
3814226093;David;Hawkins;25/02/1947
2459554441;Raymond;Hines;7/09/1995
1151609686;Douglas;Larsen;10/09/1951
2764886470;Andrew;Welch;1/05/1970
4338835685;John;Graham;23/08/2012
7448915985;Robin;Frazier;20/03/1947
2976065819;Dean;George;8/08/2017
1234870423;Beverly;Freeman;24/10/1955
618924213;Megan;Wang;6/01/2014
3167380642;Abigail;Mccormick;10/11/2003
2135712434;Pamela;Lopez;22/10/2006
7586803619;Alison;Rogers;15/02/1961
6527311164;Ryan;Robinson;8/06/1961
4473889694;Ricardo;Bishop;2/05/1992
1845814611;John;Blankenship;20/04/1970
8205689319;Melissa;Lee;11/02/2001
8665273997;Zachary;Nicholson;9/04/2006
4567606945;Shelia;Carroll;12/11/1996
3788694049;Randy;Ellis;8/07/1965
8929164229;Edward;Rodriguez;2/07/1952
9547987683;Benjamin;Williams;21/04/1968
883540975;Jennifer;Hayes;13/09/1976
7819169843;Brian;Barnes;11/04/1956
2742491432;Evan;Castillo;14/01/1999
9248013576;George;Duffy;25/12/1967
4974977361;James;Hopkins;21/07/2001
3915745446;David;Miller;5/01/1979
5385095809;Jesus;Allen;21/06/1991
5817809375;Courtney;Bright;27/05/2014
2597734465;Alicia;Strong;6/06/2005
4823776877;Jessica;Castaneda;9/04/1956
5253887667;Megan;Greene;26/11/1973
1374361635;Nicole;Nielsen;12/06/1957
4173843890;Christine;Lindsey;20/07/2006
4885331387;Eric;Prince;17/03/1944
9563241351;Nathan;Garza;30/11/2012
3944979762;Tara;Blake;9/04/1985
3841396935;Christina;Garcia;17/09/1985
9332930051;Sarah;Hill;9/06/1953
5913525219;John;Pierce;1/04/1986
6054016820;Susan;Diaz;14/09/1978
1872524511;Anthony;Henson;28/01/1987
1943897434;Jonathan;White;28/10/1981
2400731586;Kevin;Miller;13/06/1951
5202475079;Ann;Ball;15/04/2000
8415142577;Anthony;Lewis;15/03/1967
9669822981;Veronica;Mathews;29/09/2011
8027679065;Jeremy;Townsend;10/03/1983
3313106372;Keith;Foley;9/09/1967
6248255140;Cassandra;Rodriguez;25/05/1999
6850128205;Cindy;Hernandez;29/01/1993
7640553899;Jill;Taylor;10/06/1962
8192194623;Connor;Carpenter;7/10/1982
9185624308;Tyler;Miller;31/08/2012
4683057455;Amber;Andrade;6/06/1957